artista,Categoria,spotify,yt,fb,x,email
División minúscula,banda,https://open.spotify.com/artist/2Ky9mFKNApb9KpEcORXE3p?si=kZHNb6l8TkCCqJTsaktQgQ,,,,
Bobby Pulido,solista,https://open.spotify.com/artist/4EEZg8R3dxbTCCQ1DVWtHg?si=6Gk9Uob-RSak_EXBmIRsjw,,,,
Vayven del amor,banda,https://open.spotify.com/artist/0k9AR1PjGE0CUK4WtkBAUN?si=GGNCPqGWSHmSzALg1lO4kg,,,,
Big Los,solista,https://open.spotify.com/artist/1FHtqDcXHlMd3icr4Gb5De?si=gGL2xP_gSFSwh3wKkzFLxA,,,,
5050,solista,https://open.spotify.com/artist/4wzzRsQSCa1GurLRmFbgTU?si=s0Mh0GI8SIKg5Lr1XtQqgQ,,,,
Nueva Dinastía,banda,https://open.spotify.com/artist/57Jkv1MBGL6wUbighQcWCp?si=5BPYCKEcRheWEtWB2mtpGQ,,,,
Alex Tuna,solista,https://open.spotify.com/artist/7zMnJlBCvDCdSQIGDlvzT0?si=HJW0t6iBTH27Q-sgOiboYQ,,,,
Doedo,solista,https://open.spotify.com/artist/1xKblBWetK4m2BHnLAl7Jd?si=nW9TRoLfSZSF9MbZ9toWZQ,,,,
Franco Plata,solista,,https://www.youtube.com/@FrancoPlata,,,
Leech Orphan,solista,https://open.spotify.com/artist/4esTeG9zCg2u8I0bzbfz6k?si=aJLNvXAQQdaonlaBrp9WVA,,,,
Gresh,DJ,https://open.spotify.com/artist/7HkRstp5kT54sPCzzIheUh?si=EjtS8wBzT6KUV-lu2MuimA,,,,
Mau Orozco,DJ,,https://www.youtube.com/@MauOrozco,,,
The Talas Blues Band,,,,https://www.facebook.com/profile.php?id=61587185819060,,
Daniel Gutiérrez Live Band,,,,https://www.facebook.com/Danielgdelag,,
Jim Bleak ,solista,,https://www.youtube.com/@JimBleak-666,https://www.facebook.com/profile.php?id=100064214555233,,
Konflicto ,banda,,,https://www.facebook.com/Konflicto,https://x.com/konflictomx,konflcto@gmail.com
Cassanova,covers,,,https://www.facebook.com/profile.php?id=100065176772844,,
Šlōmō,solista,https://open.spotify.com/artist/2Ie22BkCr7VHwmhn6d6S6U?si=wkIR_DrnSmy9AdfFLL_dMw,,https://www.facebook.com/profile.php?id=61585251113579,,
Poerna,Tributo,,https://www.youtube.com/@poernamx,https://www.facebook.com/poernamx,,
Grupo Eskolta,,,,https://www.facebook.com/Escoltasound/,,
El Faraón de los Teclados,,,,https://www.facebook.com/profile.php?id=61573870377840,,
The Tronautas,banda,https://open.spotify.com/artist/7JtyDY5yRxj8XsExHfEWqR?si=z1pbFCktT1CFUkNSLSPwsg,,https://www.facebook.com/Tronautas,,
Jügo,banda,https://open.spotify.com/artist/1HJrx4DnkPymFPbmvCLwzJ?si=NrOmuz24TFC_jLyFmqQcYg,,https://www.facebook.com/JugoOficialMX
