Artista,Ya estan,Ciudad,Categoria,ig,fb,spotify,ty,tt,x,bandcamp,soundcloud,bio,generos
Afrobeat Social Club,,Reynosa,banda,https://www.instagram.com/afrobeatsocialclub/,https://www.facebook.com/people/Afrobeat-Social-Club/61589403357544/,,,,,,,Orquesta de afrobeat de Reynosa que ofrece presentaciones en vivo en espacios como Peatonal Hidalgo y Metro Border Sessions.,afrobeat/world music
Angelic Oz,,Reynosa,banda,,,https://open.spotify.com/artist/0N73fFkGnny3mZhDizLWkL,https://www.youtube.com/@Angelic-Oz,https://www.tiktok.com/@angelic_0z,,,,"Artista independiente de Reynosa que mezcla la energía del reggaetón triste con una estética hyperpop, melodías envolventes y producción fresca.",hyperpop/reggaeton triste/cybercore
Anidonia,,Reynosa,banda,https://www.instagram.com/anidonia_/,https://www.facebook.com/anidonia,https://open.spotify.com/artist/3LY4MFl71IlqJO1c4eSdgx,https://www.youtube.com/@Anidonia,https://www.tiktok.com/@anidonia_,https://x.com/anidonia_,https://anidonia.bandcamp.com/,https://soundcloud.com/anidonia,Proyecto de noise/experimental de Reynosa; su EP debut Jóvenes sin futuro fue lanzado en junio de 2026 con temas que exploran la crudeza juvenil y la experimentalidad sonora.,noise/experimental
Azul Apache,,Reynosa,banda,https://www.instagram.com/azulapache/,https://www.facebook.com/profile.php?id=100089744088347,https://open.spotify.com/artist/0MguCCQTVClTurEUqRZxfE,https://www.youtube.com/@azulapachee,,,,,"Banda de Reynosa integrada por Rafael Ricardo (Fay), Juvel Wilburn y Peter Rocha; combina rock alternativo con composiciones propias y presentaciones en vivo que incluyen cortometrajes.",rock alternativo
Beardes Tree,,Reynosa,banda,http://instagram.com/beardxdtree,https://www.facebook.com/beardxdtree,,https://www.youtube.com/@BeardedTree,https://www.tiktok.com/@beardxdtree,,,,"Banda progresiva/post-metal de Reynosa que combina blues, grunge y post-metal en presentaciones en underground; participa activamente en eventos como Metal Revolution en Foro Plaza Nogal.",post-metal/progressive metal/grunge/blues
Black Lotto,,Reynosa,banda,https://www.instagram.com/black._lotto/,,,,,,,,,
Caffe Disaffecto,,Reynosa,banda,https://www.instagram.com/_cafedisaffecto/,https://www.facebook.com/profile.php?id=61580894824434,https://open.spotify.com/artist/6Wwi6Z4hdA9qoya04yNLnX,https://www.youtube.com/@cafedisaffecto,,,https://cafedisaffecto.bandcamp.com/,https://soundcloud.com/cafe-disafecto-806482926,Banda de post-rock de Reynosa cuyo nombre evoca la pregunta ¿Quién incendió la casa del árbol?; toca en vivo en la región fronteriza.,post-rock/emo/post-punk
Carlos Roque,,Reynosa,solista,https://www.instagram.com/carlosroque.mx/,https://www.facebook.com/soyroque,https://open.spotify.com/artist/4SycT78uxUDiYPU3XjBpw0,https://www.youtube.com/@carlosroquemx,,,,https://soundcloud.com/carlos-alfredo-roque-ramirez,"Vocalista y compositor de Reynosa, conocido por ser parte de Cada Martes; también desarrolla un proyecto en solitario con música pop punk y participaciones en la escena local.",pop punk
Cobras N Saints,,Reynosa,banda,https://www.instagram.com/cobras_n_saints/,https://www.facebook.com/CobrasAndSaints,,https://www.youtube.com/@cobrassaints4685,,https://x.com/CobrasSaints,,,"Banda local de hard rock de Reynosa con presencia en la escena rockera regional; interpreta clásicos de Led Zeppelin, Black Sabbath, ZZ Top, Cream y El Tri, además de composiciones propias.",hard rock/classic rock/rock n' roll
Daniel Amaya Mx,,Reynosa,solista,https://www.instagram.com/danielamayamx/,https://www.facebook.com/EstafilococoMx,https://open.spotify.com/artist/2udYkjDJPHWoleDkBe3ar7,https://www.youtube.com/@danielamayamx,,,,,"Músico y compositor independiente originario de Reynosa, también médico de profesión; fue vocalista de la banda OutDry y actualmente lanza su carrera como solista.",pop/latin pop
De Regreso a Nocheósfera,,Reynosa,banda,https://www.instagram.com/deregresoanocheosfera/,,https://open.spotify.com/artist/57KqBFol9SuB4HhRY9t7m5,,,,,,"Dúo de rock alternativo/noise rock de Reynosa con dos EPs lanzados en 2018, grabados en Lazo al Cuello, Reynosa.",indie/shoegaze/noise rock/dreampop
DelaRosa,,Reynosa,banda,https://www.instagram.com/delarosaoficial/,https://www.facebook.com/Delarosaband/,https://open.spotify.com/artist/5uVIMRumBKWmtD9r7ppvMI,https://www.youtube.com/@delarosa7585,,,,,"Banda originaria de Reynosa con presencia en Instagram, Facebook y YouTube.",regional mexican
Emilia Ruiz,,Reynosa,solista,https://www.instagram.com/emiliaruizflores/,https://www.facebook.com/emilia.ruiz.1217727,https://open.spotify.com/artist/0506FktKISnkr2LuDGslLh,https://www.youtube.com/@emiliaruiz-jg,,,,,Solista de música original de Reynosa con presencia en Spotify donde comparte su música independiente.,pop
Fabian Tinoco,,Reynosa,solista,https://www.instagram.com/fabiantinoco/,https://www.facebook.com/fabian.tinoco.7,https://open.spotify.com/artist/13R3bTRa7Gf8oXbNHJ1AJs,https://www.youtube.com/@MrFabianTinoco,,,,,"Solista de Reynosa con música disponible en Spotify y Amazon Music, incluyendo los sencillos Nuestro gran amor y Una noche romántica.",pop romantico
Hellbaby,,Reynosa,banda,https://www.instagram.com/hellbabyrocks/,https://www.facebook.com/Hellbabyrocks,https://open.spotify.com/artist/79jz6IDwJV7CcBdzNskjHR,https://www.youtube.com/@hellbabyrocks,,,,,Banda de rock de Reynosa que se presenta en eventos locales como Frontera Cuántica junto a otras bandas de la escena reynosense.,rock
Corid,,Reynosa,solista,https://www.instagram.com/hi_corid/,https://www.facebook.com/TheworldofCorid/,https://open.spotify.com/artist/6bXB3vtK0r9DyDsOJVqRIu,,,,,,Solista de Reynosa con presencia en Spotify e Instagram.,pop
Hooku,,Reynosa,DJ/Productor,https://www.instagram.com/itshooku/,https://www.facebook.com/ImHooku/,https://open.spotify.com/artist/1FGkrUwAXPqPplHcHJwd5S,,,,,,"Alberto Orozco, productor musical, compositor y DJ de Reynosa dedicado a la música electrónica desde 2018. Sus bajos monstruosos y melodías eufóricas transportan a mundos fantásticos.",electronic/bass house
Isix,,Reynosa,solista,https://www.instagram.com/isixofficial,,https://open.spotify.com/artist/6B6phfOnH8VObgxw72fy3X,,,,,,Productor musical y compositor de Reynosa cuyo nombre real es Isaias Hernandez Niño. Publica bajo su propio sello Isix Records.,electronic
Julio Flores,,Reynosa,DJ/Productor,https://www.instagram.com/juliofloresmusic/,,,https://www.youtube.com/@prodbyjulius,,,,,"DJ y productor musical de Reynosa; también es cineasta independiente, reconocido por su cortometraje Mi Cabello Es Tuyo seleccionado en el festival Lift-Off Global Network de Reino Unido.",electronic/DJ
Kangaroo,,Reynosa,solista,https://www.instagram.com/the_realkangaroo/,,https://open.spotify.com/artist/0pMNNXMIqN4q1RwhOW9AKV,,,,,https://soundcloud.com/kangaroo-sc,"Solista de hip-hop/rap de Reynosa con presencia en Spotify y múltiples plataformas de streaming. Sus temas principales incluyen DOS EXTRAÑOS, VIVE y EDQESSA.",hip-hop/rap
Lil boi,,Reynosa,solista,https://www.instagram.com/pekeb0i/,https://www.facebook.com/profile.php?id=61564328325805,https://open.spotify.com/artist/4N9bsnR9LtCJtkjKAOIMLA,,https://www.tiktok.com/@pekeb0i,,,,"Cantante y productor mexicano de Reynosa, miembro del colectivo Saucy Gang. Se especializa en emo trap; participó como actor y co-autor del soundtrack de la película Las Mujeres del Sicario.",emo trap/trap/hip-hop
Maddog,,Reynosa,banda,https://www.instagram.com/maddog.northmx/,https://www.facebook.com/maddogrey,https://open.spotify.com/artist/71EbYT56xW0MuYuaYrlv1A,,,,,,"Banda de hard rock de Reynosa activa en la escena local, con presentaciones regulares en foros como Trve Café y Foro Plaza Nogal.",hard rock
Mavet,,Reynosa,banda,https://www.instagram.com/mavetoficial/,https://www.facebook.com/profile.php?id=61577887336498,https://open.spotify.com/artist/77Mf5DbWoCRcqUOr4FnwCL,,,,,,Banda de rock/metal de Reynosa con perfil en Spotify e Instagram.,rock pop
Msb,,McAllen,banda,https://www.instagram.com/msb.musik/,https://www.facebook.com/msb.musik/,,,https://www.tiktok.com/@msb.musik,,,,"Banda de rock-pop Latino formada en 2018 en McAllen, Texas. Presentaciones en la frontera sur de Texas y norte de Tamaulipas, con covers de rock en español y música original.",rock pop latino/rock en español
MYC,,Reynosa,solista,https://www.instagram.com/myc.20.10/,,https://open.spotify.com/artist/24W9lgJ7ii0schS5Mc3B4Y,,,,,,Solista de Reynosa con perfil activo en Spotify.,hip-hop/rap/trap
N A A M,,Reynosa,banda,https://www.instagram.com/n__a__a__m/,https://www.facebook.com/naam.oficial,https://open.spotify.com/artist/3Jm7YzLcbwzb7xnmibO3wA,,,,,,,rock progresivo
Onaga,,Reynosa,banda,https://www.instagram.com/_onaga/,https://www.facebook.com/profile.php?id=61566336290499,,,,,,,Banda de metal de Reynosa con presencia en Instagram y Facebook.,metal
Osvy,,Reynosa,solista,https://www.instagram.com/_osvyy/,,https://open.spotify.com/artist/7vMlRJ89lPnQa7IPwJd0qG,,,,,,"Solista de Reynosa que forma parte del colectivo GENERACIÓN OM. Publica sencillos como 77 La Navaja, Suelta y Sola y AFTERPARTY Demo.",hip-hop/rap/reggaetón/trap
Pit Skywalker,,Reynosa,solista,https://www.instagram.com/pitskywalker/,https://www.facebook.com/profile.php?id=61558857074503,https://open.spotify.com/artist/38DkyjdMsglQB6pbRXNn1d,,,,,,"Solista y líder de Pit Skywalker & Blue Evil Band, proyecto de blues, grunge y post-metal de Reynosa. Muy activo en la escena local con presentaciones frecuentes en Trve Café y Foro Plaza Nogal.",blues rock/grunge/post-metal/rock
Rey d.nada,,Reynosa,solista,https://www.instagram.com/rey_d._nada_mx/,https://www.facebook.com/rey.de.nada.show,https://open.spotify.com/artist/2FLET99bMkahokyEjsuHlf,https://www.youtube.com/@reydnadamx,,,https://reydenada.bandcamp.com,https://soundcloud.com/reydenada,"Cantautor de Reynosa autoproclamado el peor cantautor de México. Proyecto nacido en 2015 que fusiona trova, rock, blues, jazz y expresiones crudas en un estilo bohemio alternativo.",trova/rock/blues/jazz
RiAgHe!,,Reynosa,solista,https://www.instagram.com/riaghe.wav/,,https://open.spotify.com/artist/7eJXTYkDmmLuBVp8LbplLl,https://www.youtube.com/@riaghe,,,,https://soundcloud.com/riaghe,Productor musical y solista de Reynosa que describe su música como música bonita para gente bonita. Produce beats para artistas locales incluido The Facking A-L-X.,electronic/producer
Sensuss Amissa,,Reynosa,banda,https://www.instagram.com/sensusamissa22/,https://www.facebook.com/Sensus.Amissa,https://open.spotify.com/artist/2pc7wmd9OjQToHXicQgqLV,https://www.youtube.com/@SensusAmissa,https://www.tiktok.com/@sensusamissa,,,,Banda de nu metal y metal alternativo originaria de Reynosa conformada por cinco integrantes. Su sonido combina la energía del nu metal con letras y ritmos que invitan a sentir la música.,nu metal/alternative metal
The Facking A-L-X,,Reynosa,solista,https://www.instagram.com/the_facking_a_l_x/,,https://open.spotify.com/artist/5n02vKhJ8MdQENmPCfD186,https://www.youtube.com/@al-x4337,https://www.tiktok.com/@the_ni_ga_a_l_x,,,https://soundcloud.com/thefackinga-l-x,"Rapero y solista de Reynosa que combina rap, pop y música alternativa. Conocido por sencillos como Valor Calle, Ojo azul y Closely. Produce beats en colaboración con RiAgHe!.",rap/pop/alternativo
Venner,,Reynosa,banda,https://www.instagram.com/vennermx/,https://www.facebook.com/vennermx,https://open.spotify.com/artist/1xsrkPEaxoeisHYwCRNjpZ,https://www.youtube.com/@vennerband,https://www.tiktok.com/@vennermx,,https://vennermx.bandcamp.com,,"Banda originaria de Reynosa formada en 2014. Su sonido combina elementos del pop punk, hardcore melódico y el emo de los 90's, con letras que van desde la nostalgia hasta la esperanza por seguir luchando.",pop punk/melodic hardcore/emo/punk rock
Wild Dagger,,Reynosa,banda,https://www.instagram.com/wilddagger.band/,https://www.facebook.com/wilddaggerband,https://open.spotify.com/artist/0ovx76SLTQlb4eAXLaWrg4,https://www.youtube.com/@wilddaggerband,https://www.tiktok.com/@wilddaggerband,,,,"Banda de hard rock y glam metal de Reynosa con la energía y las ganas de revivir el género como en los años 80. Integrantes: AJ Dagger (voz), Arturo (guitarra), Fran Vivaldi (guitarra), César Joseph (batería) y Eslee Alcala (bajo).",hard rock/glam metal/rock mexicano
Yuriko FR,,Reynosa,solista,https://www.instagram.com/yurikofr_/,,,https://www.youtube.com/@YurikoFR,,,,,Freestyler y rapero de Reynosa que también se desempeña como camarógrafo en su tiempo libre. Artista underground independiente.,rap/freestyle
Rust Heaven,,McAllen,banda,https://www.instagram.com/rustheavenn/,https://www.facebook.com/profile.php?id=61591538620936,,https://www.youtube.com/@RustHeaven,,,,,"Banda de death metal de McAllen formada por músicos jóvenes. Tocan en la escena underground de la frontera Reynosa-McAllen, en eventos como el Festival Cultura Underground.",death metal
