fecha_captura,id,nombre,segmento,ciudad,spotify_id,followers,popularity,genres,top_track_1,top_track_2,top_track_3,url_artista
2026-08-10,oxte,Oxte,Banda,Matamoros,28u4adHetU2ZeYUxj9DgZx,0,0,,,,,https://open.spotify.com/artist/28u4adHetU2ZeYUxj9DgZx
2026-08-10,soma_cake,Soma Cake,Banda,Reynosa,55s85lTX4yMrfInbgWhlAX,0,0,,,,,https://open.spotify.com/artist/55s85lTX4yMrfInbgWhlAX
2026-08-10,cada_martes,Cada Martes,Banda,Reynosa,03r8ptC0USgrr4zXlZEq5n,0,0,,,,,https://open.spotify.com/artist/03r8ptC0USgrr4zXlZEq5n
2026-08-10,comando_burrito,Comando Burrito,Banda,Reynosa,6SvoXPvAfazDncwxdi8zO5,0,0,,,,,https://open.spotify.com/artist/6SvoXPvAfazDncwxdi8zO5
2026-08-10,triste_coronel,Triste Coronel,Banda,Reynosa,6tNCwmVNZp7YsOqPRVTnLi,0,0,,,,,https://open.spotify.com/artist/6tNCwmVNZp7YsOqPRVTnLi
2026-08-10,eliwix,Eliwix y las Cerezas Podridas,Banda,Reynosa,0nPV81h349CtUoihDcc4Pj,0,0,,,,,https://open.spotify.com/artist/0nPV81h349CtUoihDcc4Pj
2026-08-10,isquemia,Isquemia,Banda,Reynosa,4NJsXKqAp3WoHXdVXw2Z5f,0,0,,,,,https://open.spotify.com/artist/4NJsXKqAp3WoHXdVXw2Z5f
2026-08-10,invitrox,Invitrox,Solista/electrónica,Matamoros,4xdZ1YVhBXBGCMnEGc6azh,0,0,,,,,https://open.spotify.com/artist/4xdZ1YVhBXBGCMnEGc6azh
2026-08-10,futura_driver,Futura Driver,Solista/electrónica,[PENDIENTE],5hbk7kueduV20d85st157e,0,0,,,,,https://open.spotify.com/artist/5hbk7kueduV20d85st157e
2026-08-10,distraught,Distraught,Solista/electrónica,Reynosa,5bb8RKTOSFXRqiB6hm13n7,0,0,,,,,https://open.spotify.com/artist/5bb8RKTOSFXRqiB6hm13n7
2026-08-10,vi_medina,VI Medina,Figura regional,Reynosa / Valle de TX,0Nt4pMJGbjomLXQ2NTQfyt,0,0,,,,,https://open.spotify.com/artist/0Nt4pMJGbjomLXQ2NTQfyt?si=i8lYr03OQe6Vy9MgNODtgg
2026-08-10,scott_bidkar,Scott.,Figura regional,[PENDIENTE],7C2588ycZ10qijpn2Gf1Ka,0,0,,,,,https://open.spotify.com/artist/7C2588ycZ10qijpn2Gf1Ka
2026-08-10,don_bravo,Don Bravo,Figura regional,Reynosa,5uL6O2RVInJ6vATGcpmbhy,0,0,,,,,https://open.spotify.com/artist/5uL6O2RVInJ6vATGcpmbhy
2026-08-10,atlanta,Atlanta,Banda,[PENDIENTE],2pCC6pz9V6N4MA91hrvoSs,0,0,,,,,https://open.spotify.com/artist/2pCC6pz9V6N4MA91hrvoSs
