"id","nombre","segmento","ciudad","generos","estado_registro","url_ig","url_fb","url_yt","url_tt","url_spotify","url_bandcamp","url_soundcloud","url_apple","url_linktree","followers_ig","bio","followers_fb","followers_yt","followers_tt","followers_spotify","fecha_captura","ultimo_lanzamiento","ultimo_evento","estado_activo","metodo_actividad","logros","notas","fecha_registro","url_x","vistas_yt","vistas_tt","reproducciones_spotify","reproducciones_bandcamp","reproducciones_soundcloud","es_propio"
"xombie","Xombie","DJ","Reynosa","darkwave","investigado (web)","","","","","","","","","","","","","","","","2026-08-09","","2026-08-29","activo","evento","Organizador y DJ de DARKWAVE 9.","Puerta de entrada al circuito oscuro de Reynosa. Handles PENDIENTE. Homónimos fuera de la escena (banda Xombie NY) — no confundir.","2026-08-09","","","","","","",""
"dj_vikingo","DJ Vikingo","DJ","Matamoros","darkwave","investigado (web)","","","","","","","","","","","","","","","","2026-08-09","","2026-08-29","activo","evento","DJ de DARKWAVE 9.","IG previo descartado (era 'El Vikingo Selektor', Medellín, Colombia). Handles PENDIENTE. Homónimo DJ Vikingo NY — no confundir.","2026-08-09","","","","","","",""
"dj_maniaco","DJ Maniaco","DJ","Matamoros","darkwave","investigado (web)","","","","","","","","","","","","","","","","2026-08-09","","2026-08-29","activo","evento","DJ de DARKWAVE 9.","Handles PENDIENTE. Homónimo 'DJ Master Maniaco' (SLP) — no confundir.","2026-08-09","","","","","","",""
"dj_bizarre","El Diske DJ Bizarre","DJ","Matamoros","darkwave","investigado (web)","","","","","","","","","","","","","","","","2026-08-09","","2026-08-29","activo","evento","DJ de DARKWAVE 9.","Handles PENDIENTE. Homónimo 'BIZZARRE DJ' — no confundir.","2026-08-09","","","","","","",""
"oxte","Oxte","Banda","Matamoros","post-punk, industrial, triphop, prog","investigado (web)","https://www.instagram.com/Oxteband/","https://www.facebook.com/OXTEBAND/","https://www.youtube.com/Oxteband","https://www.tiktok.com/@oxte.band","https://open.spotify.com/artist/28u4adHetU2ZeYUxj9DgZx","https://oxte.bandcamp.com/","https://soundcloud.com/Oxte","https://music.apple.com/mx/artist/oxte/1455493939","","","Banda formada en 2004 en Matamoros, Tamaulipas (frontera con Brownsville). Inició como trío (Carlos, Mario y Óscar); desde 2015 la integran Mario y Óscar. La mayoría de sus canciones son en español.","2295","","","","2026-08-09","","2026-03-21","activo","evento","2 EPs (Oxte 2005, Resistencia Civil 2008); tocó en IDMX/CDMX; sigue activa.","Electrónica (post-punk, industrial, triphop, prog). Fecha del show en IDMX PENDIENTE. Redes verificadas (2026-08-09).","2026-08-09","","","","12","","",""
"soma_cake","Soma Cake","Banda","Reynosa","post-punk / coldwave / darkwave","confirmado (artista)","https://www.instagram.com/somacakemx/","https://www.facebook.com/SomaCakeMX","https://www.youtube.com/@somacake418","","https://open.spotify.com/artist/55s85lTX4yMrfInbgWhlAX","https://somacake.bandcamp.com/","","https://music.apple.com/us/artist/soma-cake/1525103301","","","Proyecto de música alternativa con base en Reynosa.","1057","","","","2026-08-09","2022-08-15","","inactivo","sin datos","3 discos (Girls Bite Harder, The Longest Hug, Senza); artista #17 del historial del artista.","Fecha = lanzamiento de Senza según data/inspiracion.csv. Integrantes y discografía completa PENDIENTE. Redes verificadas (2026-08-09).","2026-08-09","","","","367","","",""
"they_are_astronauts","They Are Astronauts","Banda","Reynosa","rock alternativo","investigado (web)","https://www.instagram.com/theyareastronautsmx/","https://www.facebook.com/TheyAreAstronauts/","https://www.youtube.com/@theyareastronautsmx","","https://open.spotify.com/artist/5WorcyG21D1NGZ3iLoQtJi","https://theyareastronauts.bandcamp.com/","https://soundcloud.com/theyareastronauts","","","","Banda mexicana de rock alternativo originaria de Reynosa: Rago De León (guitarra y voz), Berny Mtz (batería) y Eddgar Castillo (bajo). Les gusta experimentar con sonidos y ritmos.","1531","","","","2026-08-09","","","en_duda","sin datos","Video 'venus 99 (en vivo)'; top 'Maremágnum'.","Apple Music sin URL registrada. Redes verificadas (2026-08-09).","2026-08-09","","","","","","",""
"cada_martes","Cada Martes","Banda","Reynosa","pop punk melancólico","investigado (web)","https://www.instagram.com/cadamartesmx/","https://www.facebook.com/cadamartesmx/","https://www.youtube.com/@cadamartesmx","https://www.tiktok.com/@cadamartesmx","https://open.spotify.com/artist/03r8ptC0USgrr4zXlZEq5n","","https://soundcloud.com/cadamartes","https://music.apple.com/us/artist/cada-martes/1622221976","https://linktr.ee/cadamartesmx","","Se autodenominan 'Pop Punk Melancólico'.","880","","","","2026-08-09","","2024-10","activo","sin datos","Oktoberfest Reynosa 2024; 3er aniversario (2025); producido por Pavel Cal (Sin Bandera).","Sin lanzamiento conocido; último evento hace >12 meses. Redes verificadas (2026-08-09).","2026-08-09","","","","177","","",""
"mudo_sintesis","Mudo Síntesis","Banda","Matamoros","[PENDIENTE]","investigado (web)","","https://www.facebook.com/profile.php?id=100063282157917","","","","","","","","","","1300","","","","2026-08-09","","2026-03-21","activo","evento","Tocó en MAN VS MACHINE (2026-03-21).","Géneros PENDIENTE. FB proporcionado por el artista (2026-08-09).","2026-08-09","","","","","","",""
"comando_burrito","Comando Burrito","Banda","Reynosa","electronic drone / hyperpop industrial","investigado (web)","https://www.instagram.com/comandoburrito/","https://www.facebook.com/comandoburrito","https://www.youtube.com/c/ComandoBurrito","https://www.tiktok.com/@comandoburrito","https://open.spotify.com/artist/6SvoXPvAfazDncwxdi8zO5","https://comandoburrito.bandcamp.com","https://soundcloud.com/comandoburrito","https://music.apple.com/mx/artist/comando-burrito/1514485080","https://linktr.ee/comandoburrito","","Proyecto experimental/pop del músico @chao-gardem con base en Reynosa; management y booking vía pictoshowrecords.","474","","","","2026-08-09","2026-06-08","","activo","lanzamiento","EP 'temporada de (de)construcción' (2026-06-08, collab blackaarma); próximo álbum 'Simulador de Guerra Algorítmica'.","Vinculado a Israel/Carlos Betanzos. Redes verificadas (2026-08-09).","2026-08-09","https://x.com/COMANDO_BURRITO","","","342","","",""
"insomness","Insomness","Banda","Reynosa","electronicore / hardcore / metalcore / dark electro","investigado (web)","","https://www.facebook.com/profile.php?id=61586220307929","https://www.youtube.com/@INSOMNESS","","","","","","","","Banda que combina electronicore, hardcore, metalcore y dark electro; su sonido nace 'del choque entre lo análogo y lo digital'.","118","","","","2026-08-09","","","en_duda","sin datos","Video 'incubus (en vivo)' grabado en Reynosa.","Ciudad según video. Sin fechas.","2026-08-09","","","","","","",""
"triste_coronel","Triste Coronel","Banda","Reynosa","rock alternativo (indie/punk/folk/dreampop/funk)","investigado (web)","https://www.instagram.com/triste_coronel/","https://www.facebook.com/people/Triste-coronel/61551441200550/","https://www.youtube.com/@TristeCoronel","","https://open.spotify.com/artist/6tNCwmVNZp7YsOqPRVTnLi","","","https://music.apple.com/mx/artist/triste-coronel/1740064838","","","Banda de rock alternativo originaria de Reynosa, Tamps.","367","","","","2026-08-09","2025-07","2026-04-18","activo","evento","EP 'Malditos Bipolares' (2025, prod. José Chávez y Santiago Dueñas, nota Hora Cero); Frontera Cuántica (2026-04-18).","Deezer sin URL registrada. Redes verificadas (2026-08-09).","2026-08-09","","","","79","","",""
"saudade","Saudade","Banda","Reynosa","rock melancólico / emo","investigado (web)","https://www.instagram.com/saudade_tam/","https://www.facebook.com/profile.php?id=61573910727619","https://www.youtube.com/@saudade_tam","","","","","","","","Banda de rock de Reynosa formada en 2023 por '3 morros con sueños'; estilo melancólico y emo, con inspiración de PXNDX y DLD.","35","","","","2026-08-09","","","activo","sin datos","Banda joven (2023).","Banda joven (2023). Sin fechas de lanzamiento/eventos.","2026-08-09","","","","","","",""
"eliwix","Eliwix y las Cerezas Podridas","Banda","Reynosa","punk / rock n' roll / emo / pop","investigado (web)","https://www.instagram.com/eliwixcerezaspodridas/","","https://www.youtube.com/channel/UCM5HWRAbBLzc0ztB3zrlfjA","https://www.tiktok.com/@cerezaspodridas","https://open.spotify.com/artist/0nPV81h349CtUoihDcc4Pj","","","https://music.apple.com/us/artist/eliwix/1726472113","","","Banda emergente de Reynosa; su álbum debut 'Cerezas Podridas' salió en febrero de 2026.","","","","","2026-08-09","2026-02","","en_duda","lanzamiento","Álbum 'Cerezas Podridas' (feb 2026, 11 canciones) en YouTube Music/Spotify.","Fecha = feb 2026 (día exacto PENDIENTE). Spotify de la banda confirmado. IG banda @eliwixcerezaspodridas (oficial); @eliwix_ es el proyecto solista.","2026-08-09","","","","46","","",""
"isquemia","Isquemia","Banda","Reynosa","rock pop / punk melódico / emo","investigado (web)","https://www.instagram.com/isquemiamx.band/","https://www.facebook.com/profile.php?id=100091379387198","https://www.youtube.com/@IsquemiaBand","https://www.tiktok.com/@isquemiabanda","https://open.spotify.com/artist/4NJsXKqAp3WoHXdVXw2Z5f","","","","https://linktr.ee/isquemiaband","","Banda de rock pop/punk de Reynosa, Tamaulipas; su álbum más reciente es 'RESPIRO/PROSIGO'.","658","","","","2026-08-09","","2026-05","activo","evento","Álbum 'RESPIRO/PROSIGO' en Spotify; Rock at Rio 2025; Metro Border Sessions; conciertos gratuitos peatonal Hidalgo (El Mañana, 2026); nota Puro Rock Puro.","Power trío (Max Aguirre, Alan y Gael García). Fecha del álbum PENDIENTE. Último evento = conciertos Hidalgo (may 2026). · Seguidores IG (1076) PENDIENTE: sin fuente.","2026-08-09","","","","103","","",""
"invitrox","Invitrox","Solista","Matamoros","alternative","investigado (web)","","","https://www.youtube.com/@invitroxivx7417","","https://open.spotify.com/artist/4xdZ1YVhBXBGCMnEGc6azh","","","https://music.apple.com/us/artist/invitrox/767637198","","","","","","","","2026-08-09","","","activo","sin datos","2 discos: 'Fengofobia' y 'El Despertar'.","Sin fechas. Canal de YouTube y Apple Music encontrados (2026-08-09).","2026-08-09","","","","28","","",""
"magito_rody","Magito Rody","Solista","Reynosa","house / riddim","investigado (web)","","","https://www.youtube.com/@MrMagitorody","","","","https://soundcloud.com/granmagitorody_uwu","","","","","","56","","","2026-08-10","","","en_duda","sin datos","EP 'Chinos locos Returns'; set 'House & Riddim 1 hour'.","Canal de YouTube (56 suscriptores, 24 videos; captura 2026-08-10). SoundCloud: 16 seguidores, 13 tracks. Sin fechas de actividad.","2026-08-09","","","","","","",""
"futura_driver","Futura Driver","Solista","Reynosa","electrónica","investigado (web)","https://www.instagram.com/futuradriver/","","https://www.youtube.com/@FUTURADRIVER","","https://open.spotify.com/artist/5hbk7kueduV20d85st157e","","https://soundcloud.com/futuradriver","","","","","","","","","2026-08-09","","","activo","sin datos","Remix de 'Morir para vivir' (Elio Toffana x C. Tangana) circulando.","Ciudad PENDIENTE. Apple Music y YT Music sin URL registrada. Redes verificadas (2026-08-09).","2026-08-09","","","","13698","","",""
"distraught","Distraught","Solista","Reynosa","industrial metal / techno / acid","confirmado (artista, 2026-08-09)","https://www.instagram.com/distraughtmxmusic/","https://www.facebook.com/Distraughtmx","","","https://open.spotify.com/artist/5bb8RKTOSFXRqiB6hm13n7","https://distraughtmx.bandcamp.com","","","","","","","","","","2026-08-09","","","activo","lanzamiento_próximo","EP 'DEATH.NET' anunciado para el 30 de agosto (2026).","El 'Distrought' del artista es Distraught. Homónimos no locales (NYC 1996, crust sueco, thrash brasileño, metal) — no confundir. Spotify: https://open.spotify.com/artist/5bb8RKTOSFXRqiB6hm13n7","2026-08-09","","","","","","",""
"perrito_cumbiero","Perrito Cumbiero","DJ","Matamoros","cumbia / villero (+ house en shows dobles)","confirmado (artista, 2026-08-05)","https://www.instagram.com/perritocumbiero/","https://www.facebook.com/perritocumbiero","","","","","","","","","","1191","","","","2026-08-09","","2026-07-18","activo","evento","Rockapaloza Matamoros (2024-11-23); Expo Juega (2026-07-13); Noche de Baile Cumbia/House con n.oisecollective en La Piñatería (2026-07-18); blog Casa Tomada (2024).","Contenido de perfiles PENDIENTE (IG/FB bloquean scraping).","2026-08-09","","","","","","",""
"vaale","Vaale","Solista","Reynosa","[PENDIENTE]","investigado (web)","https://www.instagram.com/vaalemusic/","","https://www.youtube.com/@VAALEmusicmx","https://www.tiktok.com/@vaalemusic","https://open.spotify.com/artist/4XBDcEcl2gI595pVdJcOwh","","","","","","","","","","","","2026-08-09","","2026-03","activo","evento","Concierto en la feria del rancho (mar 2026).","Géneros PENDIENTE. Canal de YouTube y TikTok encontrados (2026-08-09). · Seguidores IG (2157) PENDIENTE: sin fuente.","2026-08-09","","","","","",""
"vi_medina","VI Medina","Solista","Reynosa","[PENDIENTE]","investigado (web)","https://www.instagram.com/vimedinamusic/","https://www.facebook.com/vimedinamusic","","","https://open.spotify.com/artist/0Nt4pMJGbjomLXQ2NTQfyt?si=i8lYr03OQe6Vy9MgNODtgg","","","","","","","76064","","","","2026-08-09","","","activo","presencia_continua","Programa de radio propio (1670 AM Stereo, 'Cultura al Aire').","Programa de radio propio (1670 AM Stereo, 'Cultura al Aire'). Géneros PENDIENTE. YT/TikTok sin URL registrada. [PROPUESTA] verificar seguidores: hoy FB vimedinamusic muestra ~744; el dato de 76,064 podría ser de otra página o estar desactualizado. · Ciudad base: Reynosa; también presente en el Valle de TX.","2026-08-09","","","","7","","",""
"scott_bidkar","Scott.","Solista","Reynosa","[PENDIENTE]","confirmado parcial (redes por el artista)","https://www.instagram.com/_scott12_h/","https://www.facebook.com/scott.bidkar","","","https://open.spotify.com/artist/7C2588ycZ10qijpn2Gf1Ka","","","","","","","","","","","2026-08-09","","","en_duda","sin datos","Invitado a 'El Cotilleo con Doña Toña' (New Era TV).","Nombre real: Scott Bidkar; en Spotify aparece como 'Scott.'. Ciudad y géneros PENDIENTE. Fecha de la invitación PENDIENTE.","2026-08-09","","","","91","","",""
"don_bravo","Don Bravo","Banda","Reynosa","rock / rock-pop","investigado (web)","https://www.instagram.com/oigamedonbravo/","https://www.facebook.com/oigamedonbravo/","https://www.youtube.com/@donbravomx","","https://open.spotify.com/artist/5uL6O2RVInJ6vATGcpmbhy","","","","","","","24664","","","","2026-08-09","","2025-08-23","activo","evento","Eventos propios con nombre ('Don Bravo Rock Show', Foro Plaza Nogal, 2025-08-23); sencillo 'Tan Bonita'.","Página verificada, ~24,664 likes. Spotify confirmado (rock de Reynosa, 654 oyentes/mes). Posible vínculo con Hugo Garza (a confirmar).","2026-08-09","","","","654","","",""
"goloso_jhon","Goloso Jhon","DJ","Reynosa","[PENDIENTE]","sin confirmar","","","","","","","","","","","","","","","","2026-08-09","","","en_duda","sin datos","Sin hallazgos relevantes (solo una radio de beatbox no relacionada).","Requiere handle de IG, ciudad u ortografía distinta del artista.","2026-08-09","","","","","","",""
"apex_ultra","Apex Ultra","Banda","Reynosa","[PENDIENTE]","conviviente (propio)","https://www.instagram.com/apexultramusic/","https://www.facebook.com/apexultramusic","https://www.youtube.com/@apexultramusic","","","","","","","","","205","","","","2026-08-09","","","activo","señal en feed","Proyecto previo del artista (Side A); EN PAUSA por falta de comunicación (con Luis).","No es competencia; conviviente del proyecto actual. Redes proporcionadas por el artista (2026-08-09). YT confirmado desde su FB oficial. Detalle en historia/apex-ultra/. · Pausa quitada (2026-08-10) a petición del artista: publica en IG/FB.","2026-08-09","","","","","","","FALSE"
"atlanta","Atlanta","Banda","Matamoros","[PENDIENTE]","investigado (web)","https://www.instagram.com/atlantalabanda/","https://www.facebook.com/atlantalabanda","https://www.youtube.com/@atlantalabanda","","https://open.spotify.com/artist/2pCC6pz9V6N4MA91hrvoSs","","","","","","","1018","","","","2026-08-09","","","inactivo","sin datos","","Añadida por el artista (2026-08-09). Ciudad y géneros PENDIENTES.","2026-08-09","","","","26","","",""
"against_the_ropes","Against The Ropes","Banda","Reynosa","[PENDIENTE]","registrado (formulario, sin conectar)","https://www.instagram.com/against.the.ropes/","https://www.facebook.com/againsttheropesmx","","","https://open.spotify.com/artist/1EIwupRhK6Fzr7tok0DlXs?si=54Rvk2RITgW2lX3Nsbicng","","","","","","","","","","","","","","en_duda","sin datos","","","2026-08-16","","","","","","",""
"azael_ramirez","Azael Ramirez","Solista","Reynosa","[PENDIENTE]","registrado (formulario, sin conectar)","https://www.instagram.com/azaelramirezoficial/","https://www.facebook.com/azael.ramirez.563305","https://www.youtube.com/@AzaelRamirezOficial","","https://open.spotify.com/artist/2dKN8RjVlWbX7qu0dKLUNv?si=jxH7bPesQV6mgjxMbv_nDw","","","","","","","","","","","","","","en_duda","sin datos","","","2026-08-16","","","","","","",""
