nombre,fecha,lugar,ciudad,artistas,que_demuestra,fuente
Oktoberfest Reynosa 2024,2024-10-01,Reynosa,Reynosa,Cada Martes,bandas locales tocan en eventos civicos/cerveceros,ESCENA_LOCAL.md (fecha aproximada)
Rockapaloza Matamoros,2024-11-23,Parque Olimpico,Matamoros,Perrito Cumbiero,la pista popular se mueve en Matamoros,ESCENA_LOCAL.md
Rock at Rio 2025 (5a ed.),2025-03-22,Palapa La Herradura Eventos,Reynosa,Isquemia,el circuito de eventos tiene ediciones recurrentes,ESCENA_LOCAL.md
Presentacion EP Malditos Bipolares,2025-07-19,Al Madre / Sr. Marrano,Reynosa,Triste Coronel,banda joven con lanzamiento formal propio,ESCENA_LOCAL.md
Don Bravo Rock Show Agosto,2025-08-23,Foro Plaza Nogal,Reynosa,Don Bravo,figura local produce su propio evento con nombre,ESCENA_LOCAL.md
MAN VS MACHINE,2026-03-21,Parque Cultural Reynosa / LED,Reynosa,Mudo Sintesis; Oxte; Kaiser (McAllen),circuito binacional Matamoros-Reynosa-McAllen en un mismo cartel,ESCENA_LOCAL.md
Frontera Cuantica,2026-04-18,Sr. Marrano,Reynosa,Triste Coronel y otros,actividad constante del circuito rock,ESCENA_LOCAL.md
Conciertos gratuitos (peatonal Hidalgo),2026-05-01,Calle Hidalgo centro,Reynosa,Isquemia,la calle como escenario alternativo (prensa El Manana),ESCENA_LOCAL.md (fecha aproximada)
Noche de Baile (Cumbia/House),2026-07-18,La Pinateria (Matamoros 119) Zona Centro,Matamoros,Perrito Cumbiero + n.oisecollective,las dos aguas (cumbia y house) en un mismo show,ESCENA_LOCAL.md
Expo Juega (mega bailazo),2026-07-13,Matamoros,Matamoros,Perrito Cumbiero,eventos de temporada/feria usan pista bailable,ESCENA_LOCAL.md
DARKWAVE 9,2026-08-29,Calle Oaxaca 300,Reynosa,Vikingo; Maniaco; El Diske DJ Bizarre; Xombie,la red darkwave local es real y esta en marcha; cover ~$100 MXN,ESCENA_LOCAL.md
