mes,slug,plataforma,metrica,valor
2026-08,5050,spotify,oyentes_mensuales,2200000
2026-09,5050,spotify,oyentes_mensuales,2200000
2026-09,5050,yt,seguidores,582000
2026-09,5050,yt,vistas,369146805
2026-08,against_the_ropes,spotify,oyentes_mensuales,19
2026-09,against_the_ropes,spotify,oyentes_mensuales,19
2026-09,against_the_ropes,yt,seguidores,468
2026-09,against_the_ropes,yt,vistas,30917
2026-08,alex_tuna,spotify,oyentes_mensuales,9
2026-09,alex_tuna,spotify,oyentes_mensuales,9
2026-09,alex_tuna,yt,seguidores,2240
2026-09,alex_tuna,yt,vistas,330141
2026-08,alexis_mvgler,spotify,oyentes_mensuales,118000
2026-09,alexis_mvgler,spotify,oyentes_mensuales,118000
2026-09,alexis_mvgler,yt,seguidores,42900
2026-09,alexis_mvgler,yt,vistas,12931244
2026-08,angelic_oz,spotify,oyentes_mensuales,66
2026-09,angelic_oz,spotify,oyentes_mensuales,66
2026-09,angelic_oz,yt,seguidores,125
2026-09,angelic_oz,yt,vistas,936
2026-08,anidonia,spotify,oyentes_mensuales,11
2026-09,anidonia,spotify,oyentes_mensuales,11
2026-09,anidonia,yt,seguidores,22
2026-09,anidonia,yt,vistas,627
2026-09,anidonia,soundcloud,seguidores,0
2026-09,anidonia,soundcloud,reproducciones,6
2026-09,apex_ultra,fb,seguidores,206
2026-09,apex_ultra,yt,seguidores,0
2026-09,apex_ultra,yt,vistas,0
2026-09,apex_ultra,tt,seguidores,3
2026-08,atlanta,spotify,oyentes_mensuales,45
2026-09,atlanta,spotify,oyentes_mensuales,45
2026-09,atlanta,fb,seguidores,1018
2026-09,atlanta,yt,seguidores,114
2026-09,atlanta,yt,vistas,4159
2026-08,azael_ramirez,spotify,oyentes_mensuales,30
2026-09,azael_ramirez,spotify,oyentes_mensuales,30
2026-09,azael_ramirez,yt,seguidores,431
2026-09,azael_ramirez,yt,vistas,65695
2026-08,azul_apache,spotify,oyentes_mensuales,3
2026-09,azul_apache,spotify,oyentes_mensuales,3
2026-09,azul_apache,yt,seguidores,41
2026-09,azul_apache,yt,vistas,4115
2026-09,beardes_tree,yt,seguidores,4
2026-09,beardes_tree,yt,vistas,0
2026-08,beto_quintanilla,spotify,oyentes_mensuales,1700000
2026-09,beto_quintanilla,spotify,oyentes_mensuales,1700000
2026-09,beto_quintanilla,yt,seguidores,584000
2026-09,beto_quintanilla,yt,vistas,912941433
2026-08,big_los,spotify,oyentes_mensuales,808300
2026-09,big_los,spotify,oyentes_mensuales,808300
2026-09,big_los,yt,seguidores,8690
2026-09,big_los,yt,vistas,3938716
2026-08,big_sempa,spotify,oyentes_mensuales,392600
2026-09,big_sempa,spotify,oyentes_mensuales,392600
2026-09,big_sempa,yt,seguidores,61400
2026-09,big_sempa,yt,vistas,20224001
2026-09,big_sempa,soundcloud,seguidores,170
2026-09,big_sempa,soundcloud,reproducciones,43665
2026-08,bobby_pulido,spotify,oyentes_mensuales,10100000
2026-09,bobby_pulido,spotify,oyentes_mensuales,10100000
2026-09,bobby_pulido,yt,seguidores,401000
2026-09,bobby_pulido,yt,vistas,786243293
2026-08,cada_martes,spotify,oyentes_mensuales,160
2026-09,cada_martes,spotify,oyentes_mensuales,160
2026-09,cada_martes,fb,seguidores,880
2026-09,cada_martes,yt,seguidores,108
2026-09,cada_martes,yt,vistas,13995
2026-09,cada_martes,soundcloud,seguidores,0
2026-09,cada_martes,soundcloud,reproducciones,19
2026-08,caffe_disaffecto,spotify,oyentes_mensuales,20
2026-09,caffe_disaffecto,spotify,oyentes_mensuales,20
2026-09,caffe_disaffecto,yt,seguidores,26
2026-09,caffe_disaffecto,yt,vistas,683
2026-08,cano_de_cali,spotify,oyentes_mensuales,306700
2026-09,cano_de_cali,spotify,oyentes_mensuales,306700
2026-09,cano_de_cali,yt,seguidores,509000
2026-09,cano_de_cali,yt,vistas,358486198
2026-08,cano_y_blunt,spotify,oyentes_mensuales,96400
2026-09,cano_y_blunt,spotify,oyentes_mensuales,96400
2026-08,carlos_roque,spotify,oyentes_mensuales,7
2026-09,carlos_roque,spotify,oyentes_mensuales,7
2026-09,carlos_roque,yt,seguidores,0
2026-09,carlos_roque,yt,vistas,0
2026-09,carlos_roque,soundcloud,seguidores,1
2026-09,carlos_roque,soundcloud,reproducciones,152
2026-08,carlos_y_jose,spotify,oyentes_mensuales,3800000
2026-09,carlos_y_jose,spotify,oyentes_mensuales,3800000
2026-09,carlos_y_jose,yt,seguidores,455000
2026-09,carlos_y_jose,yt,vistas,785524392
2026-09,cobras_n_saints,yt,seguidores,55
2026-09,cobras_n_saints,yt,vistas,38598
2026-08,comando_burrito,spotify,oyentes_mensuales,445
2026-09,comando_burrito,spotify,oyentes_mensuales,445
2026-09,comando_burrito,fb,seguidores,474
2026-09,comando_burrito,yt,seguidores,1410
2026-09,comando_burrito,yt,vistas,91919
2026-09,comando_burrito,soundcloud,seguidores,402
2026-09,comando_burrito,soundcloud,reproducciones,14903
2026-08,corid,spotify,oyentes_mensuales,3
2026-09,corid,spotify,oyentes_mensuales,3
2026-09,cuatro_ojos,spotify,oyentes_mensuales,0
2026-09,cuatro_ojos,yt,seguidores,45
2026-09,cuatro_ojos,yt,vistas,3927
2026-09,cuatro_ojos,soundcloud,seguidores,60
2026-09,cuatro_ojos,soundcloud,reproducciones,236
2026-08,daniel_amaya_mx,spotify,oyentes_mensuales,30
2026-09,daniel_amaya_mx,spotify,oyentes_mensuales,30
2026-09,daniel_amaya_mx,yt,seguidores,65
2026-09,daniel_amaya_mx,yt,vistas,2479
2026-08,de_regreso_a_nocheosfera,spotify,oyentes_mensuales,19
2026-09,de_regreso_a_nocheosfera,spotify,oyentes_mensuales,19
2026-08,delarosa,spotify,oyentes_mensuales,16
2026-09,delarosa,spotify,oyentes_mensuales,16
2026-09,delarosa,yt,seguidores,31
2026-09,delarosa,yt,vistas,2809
2026-08,distraught,spotify,oyentes_mensuales,31
2026-09,distraught,spotify,oyentes_mensuales,31
2026-08,division_minuscula,spotify,oyentes_mensuales,1200000
2026-09,division_minuscula,spotify,oyentes_mensuales,1200000
2026-09,division_minuscula,yt,seguidores,200000
2026-09,division_minuscula,yt,vistas,198101771
2026-08,doedo,spotify,oyentes_mensuales,31400
2026-09,doedo,spotify,oyentes_mensuales,31400
2026-09,doedo,yt,seguidores,194000
2026-09,doedo,yt,vistas,52581685
2026-08,don_bravo,spotify,oyentes_mensuales,694
2026-09,don_bravo,spotify,oyentes_mensuales,694
2026-09,don_bravo,fb,seguidores,24664
2026-09,don_bravo,yt,seguidores,1340
2026-09,don_bravo,yt,vistas,561695
2026-08,duelo,spotify,oyentes_mensuales,7700000
2026-09,duelo,spotify,oyentes_mensuales,7700000
2026-09,duelo,yt,seguidores,990000
2026-09,duelo,yt,vistas,1648921444
2026-08,el_mexicano,spotify,oyentes_mensuales,588
2026-09,el_mexicano,spotify,oyentes_mensuales,588
2026-08,eliwix,spotify,oyentes_mensuales,53
2026-09,eliwix,spotify,oyentes_mensuales,53
2026-09,eliwix,yt,seguidores,21
2026-09,eliwix,yt,vistas,2739
2026-08,emilia_ruiz,spotify,oyentes_mensuales,49
2026-09,emilia_ruiz,spotify,oyentes_mensuales,49
2026-09,emilia_ruiz,yt,seguidores,96
2026-09,emilia_ruiz,yt,vistas,2957
2026-08,fabian_tinoco,spotify,oyentes_mensuales,8
2026-09,fabian_tinoco,spotify,oyentes_mensuales,8
2026-09,fabian_tinoco,yt,seguidores,524
2026-09,fabian_tinoco,yt,vistas,21006
2026-08,fito_olivares_y_la_pura_sabrosura,spotify,oyentes_mensuales,2700000
2026-09,fito_olivares_y_la_pura_sabrosura,spotify,oyentes_mensuales,2700000
2026-09,fito_olivares_y_la_pura_sabrosura,yt,seguidores,223000
2026-09,fito_olivares_y_la_pura_sabrosura,yt,vistas,97370793
2026-09,franco_plata,yt,seguidores,3920
2026-09,franco_plata,yt,vistas,526356
2026-08,futura_driver,spotify,oyentes_mensuales,11500
2026-09,futura_driver,spotify,oyentes_mensuales,11500
2026-09,futura_driver,yt,seguidores,478
2026-09,futura_driver,yt,vistas,21405
2026-09,futura_driver,soundcloud,seguidores,460
2026-09,futura_driver,soundcloud,reproducciones,167677
2026-08,gresh,spotify,oyentes_mensuales,48
2026-09,gresh,spotify,oyentes_mensuales,48
2026-08,grupo_frontera,spotify,oyentes_mensuales,38400000
2026-09,grupo_frontera,spotify,oyentes_mensuales,38400000
2026-09,grupo_frontera,yt,seguidores,5160000
2026-09,grupo_frontera,yt,vistas,7733094372
2026-09,grupo_frontera,soundcloud,seguidores,22888
2026-09,grupo_frontera,soundcloud,reproducciones,7018781
2026-08,hellbaby,spotify,oyentes_mensuales,3
2026-09,hellbaby,spotify,oyentes_mensuales,3
2026-09,hellbaby,yt,seguidores,70
2026-09,hellbaby,yt,vistas,10895
2026-08,hooku,spotify,oyentes_mensuales,377
2026-09,hooku,spotify,oyentes_mensuales,377
2026-09,insomness,fb,seguidores,118
2026-09,insomness,yt,seguidores,10
2026-09,insomness,yt,vistas,1072
2026-08,intermission,spotify,oyentes_mensuales,11
2026-09,intermission,spotify,oyentes_mensuales,11
2026-08,invitrox,spotify,oyentes_mensuales,33
2026-09,invitrox,spotify,oyentes_mensuales,33
2026-09,invitrox,yt,seguidores,493
2026-09,invitrox,yt,vistas,68535
2026-08,isix,spotify,oyentes_mensuales,15
2026-09,isix,spotify,oyentes_mensuales,15
2026-08,isquemia,spotify,oyentes_mensuales,187
2026-09,isquemia,spotify,oyentes_mensuales,187
2026-09,isquemia,fb,seguidores,658
2026-09,isquemia,yt,seguidores,116
2026-09,isquemia,yt,vistas,4952
2026-08,javier_molina,spotify,oyentes_mensuales,51700
2026-09,javier_molina,spotify,oyentes_mensuales,51700
2026-09,javier_molina,yt,seguidores,46100
2026-09,javier_molina,yt,vistas,13638059
2026-09,jim_bleak,yt,seguidores,359
2026-09,jim_bleak,yt,vistas,19733
2026-08,jonathan_kaz,spotify,oyentes_mensuales,8
2026-09,jonathan_kaz,spotify,oyentes_mensuales,8
2026-09,jonathan_kaz,yt,seguidores,381
2026-09,jonathan_kaz,yt,vistas,98095
2026-09,jonathan_kaz,soundcloud,seguidores,43
2026-09,jonathan_kaz,soundcloud,reproducciones,2786
2026-08,jorge_tobon,spotify,oyentes_mensuales,51
2026-09,jorge_tobon,spotify,oyentes_mensuales,51
2026-09,jorge_tobon,yt,seguidores,8110
2026-09,jorge_tobon,yt,vistas,1290515
2026-09,julio_flores,yt,seguidores,13
2026-09,julio_flores,yt,vistas,1963
2026-08,jugo,spotify,oyentes_mensuales,16
2026-09,jugo,spotify,oyentes_mensuales,16
2026-08,kangaroo,spotify,oyentes_mensuales,24
2026-09,kangaroo,spotify,oyentes_mensuales,24
2026-09,kangaroo,soundcloud,seguidores,1
2026-09,kangaroo,soundcloud,reproducciones,94
2026-08,kelo_mckane,spotify,oyentes_mensuales,1300
2026-09,kelo_mckane,spotify,oyentes_mensuales,1300
2026-09,kelo_mckane,yt,seguidores,7510
2026-09,kelo_mckane,yt,vistas,812812
2026-08,leech_orphan,spotify,oyentes_mensuales,138
2026-09,leech_orphan,spotify,oyentes_mensuales,138
2026-08,lil_boi,spotify,oyentes_mensuales,49
2026-09,lil_boi,spotify,oyentes_mensuales,49
2026-08,lirik_dog_oficial,spotify,oyentes_mensuales,188400
2026-09,lirik_dog_oficial,spotify,oyentes_mensuales,188400
2026-09,lirik_dog_oficial,yt,seguidores,65000
2026-09,lirik_dog_oficial,yt,vistas,18332594
2026-08,lobo_bizarro,spotify,oyentes_mensuales,25
2026-09,lobo_bizarro,spotify,oyentes_mensuales,25
2026-09,lobo_bizarro,yt,seguidores,31
2026-09,lobo_bizarro,yt,vistas,22934
2026-09,lobo_bizarro,soundcloud,seguidores,47
2026-09,lobo_bizarro,soundcloud,reproducciones,90
2026-08,murlot,spotify,oyentes_mensuales,2
2026-09,murlot,spotify,oyentes_mensuales,2
2026-09,murlot,yt,seguidores,50
2026-09,murlot,yt,vistas,2091
2026-09,murlot,soundcloud,seguidores,10
2026-09,murlot,soundcloud,reproducciones,0
2026-08,myc,spotify,oyentes_mensuales,27
2026-09,myc,spotify,oyentes_mensuales,27
2026-08,maddog,spotify,oyentes_mensuales,16
2026-09,maddog,spotify,oyentes_mensuales,16
2026-09,magito_rody,yt,seguidores,58
2026-09,magito_rody,yt,vistas,1745
2026-09,magito_rody,soundcloud,seguidores,16
2026-09,magito_rody,soundcloud,reproducciones,93
2026-09,mau_orozco,yt,seguidores,74
2026-09,mau_orozco,yt,vistas,3205
2026-08,mavet,spotify,oyentes_mensuales,11
2026-09,mavet,spotify,oyentes_mensuales,11
2026-09,mudo_sintesis,fb,seguidores,1300
2026-08,n_a_a_m,spotify,oyentes_mensuales,3
2026-09,n_a_a_m,spotify,oyentes_mensuales,3
2026-08,nueva_dinastia,spotify,oyentes_mensuales,581
2026-09,nueva_dinastia,spotify,oyentes_mensuales,581
2026-09,nueva_dinastia,yt,seguidores,980
2026-09,nueva_dinastia,yt,vistas,454641
2026-08,osvy,spotify,oyentes_mensuales,79
2026-09,osvy,spotify,oyentes_mensuales,79
2026-08,outdry,spotify,oyentes_mensuales,105
2026-09,outdry,spotify,oyentes_mensuales,105
2026-09,outdry,yt,seguidores,418
2026-09,outdry,yt,vistas,42049
2026-08,oxte,spotify,oyentes_mensuales,13
2026-09,oxte,spotify,oyentes_mensuales,13
2026-09,oxte,fb,seguidores,2295
2026-09,oxte,yt,seguidores,38
2026-09,oxte,yt,vistas,1913
2026-09,oxte,soundcloud,seguidores,55
2026-09,oxte,soundcloud,reproducciones,612
2026-09,perrito_cumbiero,fb,seguidores,1191
2026-08,pit_skywalker,spotify,oyentes_mensuales,9
2026-09,pit_skywalker,spotify,oyentes_mensuales,9
2026-09,poerna,yt,seguidores,16
2026-09,poerna,yt,vistas,11398
2026-08,radio_supreme,spotify,oyentes_mensuales,4
2026-09,radio_supreme,spotify,oyentes_mensuales,4
2026-08,ramon_ayala,spotify,oyentes_mensuales,1300000
2026-09,ramon_ayala,spotify,oyentes_mensuales,1300000
2026-09,ramon_ayala,yt,seguidores,530000
2026-09,ramon_ayala,yt,vistas,885828375
2026-08,rey_d_nada,spotify,oyentes_mensuales,4
2026-09,rey_d_nada,spotify,oyentes_mensuales,4
2026-09,rey_d_nada,yt,seguidores,19
2026-09,rey_d_nada,yt,vistas,564
2026-09,rey_d_nada,soundcloud,seguidores,23
2026-09,rey_d_nada,soundcloud,reproducciones,950
2026-08,riaghe,spotify,oyentes_mensuales,22
2026-09,riaghe,spotify,oyentes_mensuales,22
2026-09,riaghe,yt,seguidores,355
2026-09,riaghe,yt,vistas,10079
2026-09,riaghe,soundcloud,seguidores,12
2026-09,riaghe,soundcloud,reproducciones,404
2026-08,rigo_tovar,spotify,oyentes_mensuales,2700000
2026-09,rigo_tovar,spotify,oyentes_mensuales,2700000
2026-09,rigo_tovar,yt,seguidores,450000
2026-09,rigo_tovar,yt,vistas,883081415
2026-09,rust_heaven,yt,seguidores,0
2026-09,rust_heaven,yt,vistas,0
2026-08,sandro_malandro,spotify,oyentes_mensuales,1900000
2026-09,sandro_malandro,spotify,oyentes_mensuales,1900000
2026-09,sandro_malandro,yt,seguidores,601000
2026-09,sandro_malandro,yt,vistas,471244005
2026-09,saudade,fb,seguidores,35
2026-09,saudade,yt,seguidores,13
2026-09,saudade,yt,vistas,375
2026-08,scott_bidkar,spotify,oyentes_mensuales,106
2026-09,scott_bidkar,spotify,oyentes_mensuales,106
2026-08,sensuss_amissa,spotify,oyentes_mensuales,52
2026-09,sensuss_amissa,spotify,oyentes_mensuales,52
2026-09,sensuss_amissa,yt,seguidores,33
2026-09,sensuss_amissa,yt,vistas,2450
2026-08,soma_cake,spotify,oyentes_mensuales,347
2026-09,soma_cake,spotify,oyentes_mensuales,347
2026-09,soma_cake,fb,seguidores,1057
2026-09,soma_cake,yt,seguidores,36
2026-09,soma_cake,yt,vistas,941
2026-08,the_facking_a_l_x,spotify,oyentes_mensuales,23
2026-09,the_facking_a_l_x,spotify,oyentes_mensuales,23
2026-09,the_facking_a_l_x,yt,seguidores,42
2026-09,the_facking_a_l_x,yt,vistas,8287
2026-09,the_facking_a_l_x,soundcloud,seguidores,0
2026-09,the_facking_a_l_x,soundcloud,reproducciones,13
2026-08,the_tronautas,spotify,oyentes_mensuales,53
2026-09,the_tronautas,spotify,oyentes_mensuales,53
2026-08,they_are_astronauts,spotify,oyentes_mensuales,1800
2026-09,they_are_astronauts,spotify,oyentes_mensuales,1800
2026-09,they_are_astronauts,fb,seguidores,1531
2026-09,they_are_astronauts,yt,seguidores,308
2026-09,they_are_astronauts,yt,vistas,20600
2026-09,they_are_astronauts,soundcloud,seguidores,139
2026-09,they_are_astronauts,soundcloud,reproducciones,3297
2026-08,triste_coronel,spotify,oyentes_mensuales,77
2026-09,triste_coronel,spotify,oyentes_mensuales,77
2026-09,triste_coronel,fb,seguidores,367
2026-09,triste_coronel,yt,seguidores,87
2026-09,triste_coronel,yt,vistas,4891
2026-08,twin_tribes,spotify,oyentes_mensuales,757500
2026-09,twin_tribes,spotify,oyentes_mensuales,757500
2026-09,twin_tribes,yt,seguidores,133000
2026-09,twin_tribes,yt,vistas,80977933
2026-08,vi_medina,spotify,oyentes_mensuales,7
2026-09,vi_medina,spotify,oyentes_mensuales,7
2026-09,vi_medina,fb,seguidores,741
2026-09,vi_medina,yt,seguidores,113
2026-09,vi_medina,yt,vistas,4131
2026-08,vaale,spotify,oyentes_mensuales,15
2026-09,vaale,spotify,oyentes_mensuales,15
2026-09,vaale,yt,seguidores,63
2026-09,vaale,yt,vistas,2838
2026-08,vayven_del_amor,spotify,oyentes_mensuales,167800
2026-09,vayven_del_amor,spotify,oyentes_mensuales,167800
2026-09,vayven_del_amor,yt,seguidores,47800
2026-09,vayven_del_amor,yt,vistas,61724310
2026-08,venner,spotify,oyentes_mensuales,1600
2026-09,venner,spotify,oyentes_mensuales,1600
2026-09,venner,yt,seguidores,487
2026-09,venner,yt,vistas,62902
2026-08,wild_dagger,spotify,oyentes_mensuales,30
2026-09,wild_dagger,spotify,oyentes_mensuales,30
2026-09,wild_dagger,yt,seguidores,171
2026-09,wild_dagger,yt,vistas,12762
2026-08,yahir_saldivar,spotify,oyentes_mensuales,1400000
2026-09,yahir_saldivar,spotify,oyentes_mensuales,1400000
2026-09,yahir_saldivar,yt,seguidores,751000
2026-09,yahir_saldivar,yt,vistas,294131370
2026-09,yuriko_fr,yt,seguidores,82
2026-09,yuriko_fr,yt,vistas,0
2026-08,slomo,spotify,oyentes_mensuales,3
2026-09,slomo,spotify,oyentes_mensuales,3
